-- MySQL dump 10.13  Distrib 8.0.46, for Linux (aarch64)
--
-- Host: localhost    Database: victoryfairy
-- ------------------------------------------------------
-- Server version	8.0.46

/*!40101 SET @OLD_CHARACTER_SET_CLIENT=@@CHARACTER_SET_CLIENT */;
/*!40101 SET @OLD_CHARACTER_SET_RESULTS=@@CHARACTER_SET_RESULTS */;
/*!40101 SET @OLD_COLLATION_CONNECTION=@@COLLATION_CONNECTION */;
/*!50503 SET NAMES utf8mb4 */;
/*!40103 SET @OLD_TIME_ZONE=@@TIME_ZONE */;
/*!40103 SET TIME_ZONE='+00:00' */;
/*!40014 SET @OLD_UNIQUE_CHECKS=@@UNIQUE_CHECKS, UNIQUE_CHECKS=0 */;
/*!40014 SET @OLD_FOREIGN_KEY_CHECKS=@@FOREIGN_KEY_CHECKS, FOREIGN_KEY_CHECKS=0 */;
/*!40101 SET @OLD_SQL_MODE=@@SQL_MODE, SQL_MODE='NO_AUTO_VALUE_ON_ZERO' */;
/*!40111 SET @OLD_SQL_NOTES=@@SQL_NOTES, SQL_NOTES=0 */;

--
-- Table structure for table `teams`
--

DROP TABLE IF EXISTS `teams`;
/*!40101 SET @saved_cs_client     = @@character_set_client */;
/*!50503 SET character_set_client = utf8mb4 */;
CREATE TABLE `teams` (
  `team_code` varchar(4) NOT NULL,
  `name` varchar(20) NOT NULL,
  `full_name` varchar(40) DEFAULT NULL,
  `created_at` timestamp NULL DEFAULT CURRENT_TIMESTAMP,
  `updated_at` timestamp NULL DEFAULT CURRENT_TIMESTAMP ON UPDATE CURRENT_TIMESTAMP,
  PRIMARY KEY (`team_code`)
) ENGINE=InnoDB DEFAULT CHARSET=utf8mb4 COLLATE=utf8mb4_0900_ai_ci;
/*!40101 SET character_set_client = @saved_cs_client */;

--
-- Dumping data for table `teams`
--

LOCK TABLES `teams` WRITE;
/*!40000 ALTER TABLE `teams` DISABLE KEYS */;
INSERT INTO `teams` VALUES ('HH','한화','한화 이글스','2026-07-14 01:21:02','2026-07-14 01:21:02'),('HT','KIA','KIA 타이거즈','2026-07-14 01:21:02','2026-07-14 01:21:02'),('KT','KT','KT 위즈','2026-07-14 01:21:02','2026-07-14 01:21:02'),('LG','LG','LG 트윈스','2026-07-14 01:21:02','2026-07-14 01:21:02'),('LT','롯데','롯데 자이언츠','2026-07-14 01:21:02','2026-07-14 01:21:02'),('NC','NC','NC 다이노스','2026-07-14 01:21:02','2026-07-14 01:21:02'),('OB','두산','두산 베어스','2026-07-14 01:21:02','2026-07-14 01:21:02'),('SK','SSG','SSG 랜더스','2026-07-14 01:21:02','2026-07-14 01:21:02'),('SS','삼성','삼성 라이온즈','2026-07-14 01:21:02','2026-07-14 01:21:02'),('WO','키움','키움 히어로즈','2026-07-14 01:21:02','2026-07-14 01:21:02');
/*!40000 ALTER TABLE `teams` ENABLE KEYS */;
UNLOCK TABLES;

--
-- Table structure for table `players`
--

DROP TABLE IF EXISTS `players`;
/*!40101 SET @saved_cs_client     = @@character_set_client */;
/*!50503 SET character_set_client = utf8mb4 */;
CREATE TABLE `players` (
  `player_id` varchar(16) NOT NULL,
  `name` varchar(30) NOT NULL,
  `team_code` varchar(4) DEFAULT NULL,
  `back_number` varchar(4) DEFAULT NULL,
  `position` varchar(10) DEFAULT NULL,
  `throw_bat` varchar(10) DEFAULT NULL,
  `birth_date` date DEFAULT NULL,
  `height_cm` smallint DEFAULT NULL,
  `weight_kg` smallint DEFAULT NULL,
  `is_first_team` tinyint(1) NOT NULL DEFAULT '1',
  `last_registered_on` date DEFAULT NULL,
  `created_at` timestamp NULL DEFAULT CURRENT_TIMESTAMP,
  `updated_at` timestamp NULL DEFAULT CURRENT_TIMESTAMP ON UPDATE CURRENT_TIMESTAMP,
  PRIMARY KEY (`player_id`),
  KEY `fk_player_team` (`team_code`),
  CONSTRAINT `fk_player_team` FOREIGN KEY (`team_code`) REFERENCES `teams` (`team_code`)
) ENGINE=InnoDB DEFAULT CHARSET=utf8mb4 COLLATE=utf8mb4_0900_ai_ci;
/*!40101 SET character_set_client = @saved_cs_client */;

--
-- Dumping data for table `players`
--

LOCK TABLES `players` WRITE;
/*!40000 ALTER TABLE `players` DISABLE KEYS */;
INSERT INTO `players` VALUES ('50030','소형준','KT','30','투수','우투우타','2001-09-16',189,92,1,'2026-07-13','2026-07-14 01:22:43','2026-07-14 01:22:43'),('50054','천성호','LG','53','내야수','우투좌타','1997-10-30',183,85,1,'2026-07-13','2026-07-14 01:22:42','2026-07-14 01:22:42'),('50150','손호영','LT','33','외야수','우투우타','1994-08-23',182,88,1,'2026-07-13','2026-07-14 01:22:44','2026-07-14 01:22:44'),('50157','김윤식','LG','47','투수','좌투좌타','2000-04-03',181,83,1,'2026-07-13','2026-07-14 01:22:42','2026-07-14 01:22:42'),('50204','박지훈','OB','37','내야수','우투우타','2000-09-07',183,80,1,'2026-07-13','2026-07-14 01:22:42','2026-07-14 01:22:42'),('50458','김지찬','SS','58','외야수','우투좌타','2001-03-08',163,64,1,'2026-07-13','2026-07-14 01:22:43','2026-07-14 01:22:43'),('50464','이승민','SS','28','투수','좌투좌타','2000-08-26',174,79,1,'2026-07-13','2026-07-14 01:22:42','2026-07-14 01:22:42'),('50500','황성빈','LT','0','외야수','우투좌타','1997-12-19',172,76,1,'2026-07-13','2026-07-14 01:22:44','2026-07-14 01:22:44'),('50556','최준용','LT','56','투수','우투우타','2001-10-10',185,85,1,'2026-07-13','2026-07-14 01:22:44','2026-07-14 01:22:44'),('50657','박민','HT','2','내야수','우투우타','2001-06-05',184,84,1,'2026-07-13','2026-07-14 01:22:43','2026-07-14 01:22:43'),('50662','정해영','HT','62','투수','우투우타','2001-08-23',189,98,1,'2026-07-13','2026-07-14 01:22:43','2026-07-14 01:22:43'),('50705','강재민','HH','55','투수','우언우타','1997-04-03',180,89,1,'2026-07-13','2026-07-14 01:22:44','2026-07-14 01:22:44'),('50707','최인호','HH','41','외야수','우투좌타','2000-01-30',178,82,1,'2026-07-13','2026-07-14 01:22:44','2026-07-14 01:22:44'),('50709','박정현','HH','63','내야수','우투우타','2001-07-27',183,80,1,'2026-07-13','2026-07-14 01:22:44','2026-07-14 01:22:44'),('50812','박시후','SK','57','투수','좌투좌타','2001-05-10',182,88,1,'2026-07-13','2026-07-14 01:22:44','2026-07-14 01:22:44'),('50820','전의산','SK','47','내야수','우투좌타','2000-11-25',188,108,1,'2026-07-13','2026-07-14 01:22:44','2026-07-14 01:22:44'),('50854','최지훈','SK','54','외야수','우투좌타','1997-07-23',178,82,1,'2026-07-13','2026-07-14 01:22:44','2026-07-14 01:22:44'),('50859','오원석','KT','47','투수','좌투좌타','2001-04-23',182,80,1,'2026-07-13','2026-07-14 01:22:43','2026-07-14 01:22:43'),('50902','김한별','NC','13','내야수','우투우타','2001-01-18',177,85,1,'2026-07-13','2026-07-14 01:22:44','2026-07-14 01:22:44'),('50996','박시원','NC','53','외야수','우투좌타','2001-05-30',185,85,1,'2026-07-13','2026-07-14 01:22:44','2026-07-14 01:22:44'),('51003','권동진','KT','52','내야수','우투좌타','1998-09-12',178,83,1,'2026-07-13','2026-07-14 01:22:43','2026-07-14 01:22:43'),('51100','이영빈','LG','7','내야수','우투좌타','2002-06-17',182,82,1,'2026-07-13','2026-07-14 01:22:42','2026-07-14 01:22:42'),('51154','김진수','LG','45','투수','우투우타','1998-08-31',179,82,1,'2026-07-13','2026-07-14 01:22:42','2026-07-14 01:22:42'),('51203','안재석','OB','62','내야수','우투좌타','2002-02-15',185,75,1,'2026-07-13','2026-07-14 01:22:42','2026-07-14 01:22:42'),('51230','김동주','OB','4','투수','우투우타','2002-02-14',190,90,1,'2026-07-13','2026-07-14 01:22:42','2026-07-14 01:22:42'),('51344','김휘집','NC','44','내야수','우투우타','2002-01-01',180,92,1,'2026-07-13','2026-07-14 01:22:44','2026-07-14 01:22:44'),('51417','김현준','SS','44','외야수','좌투좌타','2002-10-11',178,78,1,'2026-07-13','2026-07-14 01:22:43','2026-07-14 01:22:43'),('51454','이승현','SS','57','투수','좌투좌타','2002-05-19',183,102,1,'2026-07-13','2026-07-14 01:22:42','2026-07-14 01:22:42'),('51460','이재희','SS','17','투수','우투좌타','2001-10-11',187,88,1,'2026-07-13','2026-07-14 01:22:42','2026-07-14 01:22:42'),('51516','김진욱','LT','15','투수','좌투좌타','2002-07-05',185,90,1,'2026-07-13','2026-07-14 01:22:44','2026-07-14 01:22:44'),('51526','우강훈','LG','20','투수','우언우타','2002-10-03',183,88,1,'2026-07-13','2026-07-14 01:22:42','2026-07-14 01:22:42'),('51528','손성빈','LT','28','포수','우투우타','2002-01-14',186,92,1,'2026-07-13','2026-07-14 01:22:44','2026-07-14 01:22:44'),('51762','장규현','HH','32','포수','우투좌타','2002-06-28',183,96,1,'2026-07-13','2026-07-14 01:22:44','2026-07-14 01:22:44'),('51865','조형우','SK','20','포수','우투우타','2002-04-04',187,95,1,'2026-07-13','2026-07-14 01:22:44','2026-07-14 01:22:44'),('51868','고명준','SK','18','내야수','우투우타','2002-07-08',185,94,1,'2026-07-13','2026-07-14 01:22:44','2026-07-14 01:22:44'),('51897','조병현','SK','19','투수','우투우타','2002-05-08',182,90,1,'2026-07-13','2026-07-14 01:22:44','2026-07-14 01:22:44'),('51907','김주원','NC','7','내야수','우투양타','2002-07-30',185,83,1,'2026-07-13','2026-07-14 01:22:44','2026-07-14 01:22:44'),('51994','한재승','HT','55','투수','우투우타','2001-11-21',180,90,1,'2026-07-13','2026-07-14 01:22:43','2026-07-14 01:22:43'),('52001','안현민','KT','23','외야수','우투우타','2003-08-22',183,90,1,'2026-07-13','2026-07-14 01:22:43','2026-07-14 01:22:43'),('52043','벤자민','OB','48','투수','좌투좌타','1993-07-26',188,95,1,'2026-07-13','2026-07-14 01:22:42','2026-07-14 01:22:42'),('52060','박영현','KT','60','투수','우투우타','2003-10-11',183,91,1,'2026-07-13','2026-07-14 01:22:43','2026-07-14 01:22:43'),('52121','문정빈','LG','56','내야수','우투우타','2003-08-15',186,90,1,'2026-07-13','2026-07-14 01:22:42','2026-07-14 01:22:42'),('52154','이주헌','LG','63','포수','우투우타','2003-03-04',185,92,1,'2026-07-13','2026-07-14 01:22:42','2026-07-14 01:22:42'),('52204','이병헌','OB','29','투수','좌투좌타','2003-06-04',183,95,1,'2026-07-13','2026-07-14 01:22:42','2026-07-14 01:22:42'),('52348','박찬혁','WO','43','외야수','우투우타','2003-04-25',181,87,1,'2026-07-13','2026-07-14 01:22:43','2026-07-14 01:22:43'),('52430','김영웅','SS','30','내야수','우투좌타','2003-08-24',183,81,1,'2026-07-13','2026-07-14 01:22:43','2026-07-14 01:22:43'),('52504','김동혁','LT','50','외야수','좌투좌타','2000-09-15',177,77,1,'2026-07-13','2026-07-14 01:22:44','2026-07-14 01:22:44'),('52514','김세민','LT','5','내야수','우투우타','2003-06-14',183,78,1,'2026-07-13','2026-07-14 01:22:44','2026-07-14 01:22:44'),('52530','이민석','LT','37','투수','우투우타','2003-12-10',189,95,1,'2026-07-13','2026-07-14 01:22:44','2026-07-14 01:22:44'),('52568','한태양','LT','6','내야수','우투우타','2003-09-15',181,76,1,'2026-07-13','2026-07-14 01:22:44','2026-07-14 01:22:44'),('52605','김도영','HT','5','내야수','우투우타','2003-10-02',183,85,1,'2026-07-13','2026-07-14 01:22:43','2026-07-14 01:22:43'),('52634','박상준','HT','50','내야수','좌투좌타','2001-08-21',178,104,1,'2026-07-13','2026-07-14 01:22:43','2026-07-14 01:22:43'),('52731','박준영','HH','96','투수','우투우타','2003-03-02',190,103,1,'2026-07-13','2026-07-14 01:22:44','2026-07-14 01:22:44'),('52764','허인서','HH','59','포수','우투우타','2003-07-11',182,93,1,'2026-07-13','2026-07-14 01:22:44','2026-07-14 01:22:44'),('52809','전영준','SK','28','투수','우투우타','2002-04-16',190,100,1,'2026-07-13','2026-07-14 01:22:44','2026-07-14 01:22:44'),('52902','임지민','NC','19','투수','우투우타','2003-10-11',185,82,1,'2026-07-13','2026-07-14 01:22:44','2026-07-14 01:22:44'),('53036','류현인','KT','9','내야수','우투좌타','2000-11-08',174,80,1,'2026-07-13','2026-07-14 01:22:43','2026-07-14 01:22:43'),('53123','오스틴','LG','23','내야수','우투우타','1993-10-14',183,97,1,'2026-07-13','2026-07-14 01:22:42','2026-07-14 01:22:42'),('53296','윤준호','OB','27','포수','우투우타','2000-11-14',179,90,1,'2026-07-13','2026-07-14 01:22:42','2026-07-14 01:22:42'),('53312','김건희','WO','12','포수','우투우타','2004-11-07',186,96,1,'2026-07-13','2026-07-14 01:22:43','2026-07-14 01:22:43'),('53344','김동헌','WO','44','포수','우투우타','2004-07-15',182,91,1,'2026-07-13','2026-07-14 01:22:43','2026-07-14 01:22:43'),('53375','후라도','SS','75','투수','우투우타','1996-01-30',188,109,1,'2026-07-13','2026-07-14 01:22:43','2026-07-14 01:22:43'),('53400','김재상','SS','14','내야수','우투좌타','2004-07-26',180,81,1,'2026-07-13','2026-07-14 01:22:43','2026-07-14 01:22:43'),('53404','류승민','OB','14','외야수','좌투좌타','2004-10-11',185,90,1,'2026-07-13','2026-07-14 01:22:42','2026-07-14 01:22:42'),('53540','김기준','LT','47','투수','우투우타','2004-04-16',188,90,1,'2026-07-13','2026-07-14 01:22:44','2026-07-14 01:22:44'),('53554','김민석','OB','2','외야수','우투좌타','2004-05-09',185,83,1,'2026-07-13','2026-07-14 01:22:42','2026-07-14 01:22:42'),('53562','이진하','LT','45','투수','우투우타','2004-06-02',191,96,1,'2026-07-13','2026-07-14 01:22:44','2026-07-14 01:22:44'),('53568','정대선','LT','4','내야수','우투우타','2004-11-16',185,88,1,'2026-07-13','2026-07-14 01:22:44','2026-07-14 01:22:44'),('53609','곽도규','HT','0','투수','좌투좌타','2004-04-12',185,90,1,'2026-07-13','2026-07-14 01:22:43','2026-07-14 01:22:43'),('53706','박재규','HH','39','투수','우투우타','2003-07-03',181,83,1,'2026-07-13','2026-07-14 01:22:44','2026-07-14 01:22:44'),('53764','문현빈','HH','51','외야수','우투좌타','2004-04-20',174,82,1,'2026-07-13','2026-07-14 01:22:44','2026-07-14 01:22:44'),('53892','이로운','SK','92','투수','우투우타','2004-09-11',185,105,1,'2026-07-13','2026-07-14 01:22:44','2026-07-14 01:22:44'),('53893','김민준','SK','5','내야수','우투우타','2004-03-20',181,78,1,'2026-07-13','2026-07-14 01:22:44','2026-07-14 01:22:44'),('53919','신영우','NC','43','투수','우투우타','2004-04-21',182,84,1,'2026-07-13','2026-07-14 01:22:44','2026-07-14 01:22:44'),('54236','임종성','OB','3','내야수','우투우타','2005-03-03',183,90,1,'2026-07-13','2026-07-14 01:22:42','2026-07-14 01:22:42'),('54263','김택연','OB','63','투수','우투우타','2005-06-03',181,88,1,'2026-07-13','2026-07-14 01:22:42','2026-07-14 01:22:42'),('54303','박채울','WO','72','외야수','우투우타','2004-11-20',185,86,1,'2026-07-13','2026-07-14 01:22:43','2026-07-14 01:22:43'),('54400','디아즈','SS','0','내야수','좌투좌타','1996-11-19',188,105,1,'2026-07-13','2026-07-14 01:22:43','2026-07-14 01:22:43'),('54529','레이예스','LT','29','외야수','우투양타','1994-10-05',196,87,1,'2026-07-13','2026-07-14 01:22:44','2026-07-14 01:22:44'),('54610','성영탁','HT','65','투수','우투우타','2004-07-28',180,89,1,'2026-07-13','2026-07-14 01:22:43','2026-07-14 01:22:43'),('54640','네일','HT','40','투수','우투우타','1993-02-08',193,83,1,'2026-07-13','2026-07-14 01:22:43','2026-07-14 01:22:43'),('54730','페라자','HH','30','외야수','우투양타','1998-11-10',175,88,1,'2026-07-13','2026-07-14 01:22:44','2026-07-14 01:22:44'),('54768','조동욱','HH','57','투수','좌투좌타','2004-11-02',190,82,1,'2026-07-13','2026-07-14 01:22:44','2026-07-14 01:22:44'),('54795','황영묵','HH','95','내야수','우투좌타','1999-10-16',177,80,1,'2026-07-13','2026-07-14 01:22:44','2026-07-14 01:22:44'),('54812','정준재','SK','3','내야수','우투좌타','2003-01-03',165,68,1,'2026-07-13','2026-07-14 01:22:44','2026-07-14 01:22:44'),('54904','손주환','NC','46','투수','우투우타','2002-01-05',177,85,1,'2026-07-13','2026-07-14 01:22:44','2026-07-14 01:22:44'),('54910','김준원','NC','15','투수','우투우타','2005-05-31',190,82,1,'2026-07-13','2026-07-14 01:22:44','2026-07-14 01:22:44'),('54944','데이비슨','WO','34','내야수','우투우타','1991-03-26',190,104,1,'2026-07-13','2026-07-14 01:22:43','2026-07-14 01:22:43'),('55121','박시원','LG','58','투수','우투우타','2006-04-12',193,93,1,'2026-07-13','2026-07-14 01:22:42','2026-07-14 01:22:42'),('55130','톨허스트','LG','30','투수','우투우타','1999-09-13',193,86,1,'2026-07-13','2026-07-14 01:22:42','2026-07-14 01:22:42'),('55167','김영우','LG','67','투수','우투우타','2005-01-14',185,90,1,'2026-07-13','2026-07-14 01:22:42','2026-07-14 01:22:42'),('55221','김한중','OB','95','투수','우투우타','2004-11-03',183,89,1,'2026-07-13','2026-07-14 01:22:42','2026-07-14 01:22:42'),('55239','잭로그','OB','39','투수','좌투좌타','1996-04-23',183,84,1,'2026-07-13','2026-07-14 01:22:42','2026-07-14 01:22:42'),('55252','박준순','OB','52','내야수','우투우타','2006-07-13',180,80,1,'2026-07-13','2026-07-14 01:22:42','2026-07-14 01:22:42'),('55313','정현우','WO','13','투수','좌투좌타','2006-04-13',181,91,1,'2026-07-13','2026-07-14 01:22:43','2026-07-14 01:22:43'),('55348','웰스','LG','68','투수','좌투좌타','1997-02-27',185,83,1,'2026-07-13','2026-07-14 01:22:42','2026-07-14 01:22:42'),('55371','권혁빈','WO','00','내야수','우투우타','2005-11-04',185,75,1,'2026-07-13','2026-07-14 01:22:43','2026-07-14 01:22:43'),('55393','여동욱','WO','93','내야수','우투우타','2005-11-10',180,90,1,'2026-07-13','2026-07-14 01:22:43','2026-07-14 01:22:43'),('55394','박정훈','WO','94','투수','좌투좌타','2006-03-23',192,103,1,'2026-07-13','2026-07-14 01:22:43','2026-07-14 01:22:43'),('55425','김상준','SS','56','내야수','우투좌타','2002-12-30',176,75,1,'2026-07-13','2026-07-14 01:22:43','2026-07-14 01:22:43'),('55438','심재훈','SS','6','내야수','우투우타','2006-03-03',180,80,1,'2026-07-13','2026-07-14 01:22:43','2026-07-14 01:22:43'),('55502','김동현','LT','64','외야수','우투좌타','2004-12-30',185,100,1,'2026-07-13','2026-07-14 01:22:44','2026-07-14 01:22:44'),('55509','박건우','LT','69','포수','우투우타','2003-02-01',183,92,1,'2026-07-13','2026-07-14 01:22:44','2026-07-14 01:22:44'),('55530','박찬형','LT','60','내야수','우투좌타','2002-10-17',175,78,1,'2026-07-13','2026-07-14 01:22:44','2026-07-14 01:22:44'),('55636','박재현','HT','15','외야수','우투좌타','2006-12-08',180,73,1,'2026-07-13','2026-07-14 01:22:43','2026-07-14 01:22:43'),('55767','한지윤','HH','36','외야수','우투우타','2006-04-10',188,98,1,'2026-07-13','2026-07-14 01:22:44','2026-07-14 01:22:44'),('55897','홍대인','SK','97','내야수','우투좌타','2001-11-23',174,76,1,'2026-07-13','2026-07-14 01:22:44','2026-07-14 01:22:44'),('55912','로건','KT','43','투수','좌투우타','1997-05-23',186,105,1,'2026-07-13','2026-07-14 01:22:43','2026-07-14 01:22:43'),('55926','정현창','HT','12','내야수','우투좌타','2006-07-14',177,70,1,'2026-07-13','2026-07-14 01:22:43','2026-07-14 01:22:43'),('55995','김태훈','NC','69','투수','우투우타','2006-10-26',188,88,1,'2026-07-13','2026-07-14 01:22:44','2026-07-14 01:22:44'),('56011','스기모토','KT','11','투수','우투우타','2000-05-19',182,90,1,'2026-07-13','2026-07-14 01:22:43','2026-07-14 01:22:43'),('56034','힐리어드','KT','34','내야수','좌투좌타','1994-02-21',196,107,1,'2026-07-13','2026-07-14 01:22:43','2026-07-14 01:22:43'),('56146','리오스','LG','46','투수','우투우타','1993-06-27',190,97,1,'2026-07-13','2026-07-14 01:22:42','2026-07-14 01:22:42'),('56212','타카다','OB','12','투수','좌투좌타','2002-09-18',179,84,1,'2026-07-13','2026-07-14 01:22:42','2026-07-14 01:22:42'),('56305','히우라','WO','22','내야수','우투우타','1996-08-02',178,94,1,'2026-07-13','2026-07-14 01:22:43','2026-07-14 01:22:43'),('56318','박준현','WO','18','투수','우투우타','2007-08-29',188,95,1,'2026-07-13','2026-07-14 01:22:43','2026-07-14 01:22:43'),('56337','박지성','WO','37','투수','우투우타','2007-03-16',190,93,1,'2026-07-13','2026-07-14 01:22:43','2026-07-14 01:22:43'),('56345','정다훈','WO','45','투수','우투우타','2006-07-06',183,85,1,'2026-07-13','2026-07-14 01:22:43','2026-07-14 01:22:43'),('56348','유토','WO','48','투수','우투좌타','1999-11-04',185,87,1,'2026-07-13','2026-07-14 01:22:43','2026-07-14 01:22:43'),('56415','미야지','SS','15','투수','우투우타','1999-08-02',186,90,1,'2026-07-13','2026-07-14 01:22:42','2026-07-14 01:22:42'),('56469','정재훈','SS','69','투수','우투우타','2007-03-08',185,85,1,'2026-07-13','2026-07-14 01:22:43','2026-07-14 01:22:43'),('56503','이이무라','LT','39','투수','우투우타','1998-04-28',183,85,1,'2026-07-13','2026-07-14 01:22:44','2026-07-14 01:22:44'),('56531','로드리게스','LT','31','투수','우투우타','1998-03-31',193,97,1,'2026-07-13','2026-07-14 01:22:44','2026-07-14 01:22:44'),('56554','이준서','LT','54','투수','우투우타','2006-08-05',177,77,1,'2026-07-13','2026-07-14 01:22:44','2026-07-14 01:22:44'),('56626','카스트로','HT','26','외야수','우투좌타','1993-11-30',183,88,1,'2026-07-13','2026-07-14 01:22:43','2026-07-14 01:22:43'),('56637','김민규','HT','37','외야수','우투우타','2007-01-26',180,73,1,'2026-07-13','2026-07-14 01:22:43','2026-07-14 01:22:43'),('56708','이도훈','HH','60','외야수','우투우타','2003-08-27',172,74,1,'2026-07-13','2026-07-14 01:22:44','2026-07-14 01:22:44'),('56719','왕옌청','HH','19','투수','좌투좌타','2001-02-14',180,82,1,'2026-07-13','2026-07-14 01:22:44','2026-07-14 01:22:44'),('56724','화이트','HH','24','투수','우투우타','1999-08-09',190,90,1,'2026-07-13','2026-07-14 01:22:44','2026-07-14 01:22:44'),('56754','오재원','HH','54','외야수','우투좌타','2007-01-21',176,75,1,'2026-07-13','2026-07-14 01:22:44','2026-07-14 01:22:44'),('56840','김민준','SK','40','투수','우투우타','2006-04-08',183,100,1,'2026-07-13','2026-07-14 01:22:44','2026-07-14 01:22:44'),('56855','해치','SK','55','투수','우투우타','1994-09-29',185,88,1,'2026-07-13','2026-07-14 01:22:44','2026-07-14 01:22:44'),('56909','신재인','NC','9','내야수','우투우타','2007-06-28',185,83,1,'2026-07-13','2026-07-14 01:22:44','2026-07-14 01:22:44'),('56911','토다','NC','11','투수','우투우타','2000-07-22',170,80,1,'2026-07-13','2026-07-14 01:22:44','2026-07-14 01:22:44'),('56949','고준휘','NC','49','외야수','좌투좌타','2007-08-12',181,85,1,'2026-07-13','2026-07-14 01:22:44','2026-07-14 01:22:44'),('56950','블레인','NC','50','내야수','우투우타','1997-06-17',178,101,1,'2026-07-13','2026-07-14 01:22:44','2026-07-14 01:22:44'),('56966','테일러','NC','66','투수','우투우타','1995-07-25',198,106,1,'2026-07-13','2026-07-14 01:22:44','2026-07-14 01:22:44'),('60146','이승현','SS','26','투수','우투우타','1991-11-20',181,92,1,'2026-07-13','2026-07-14 01:22:42','2026-07-14 01:22:42'),('60558','오태곤','SK','37','외야수','우투우타','1991-11-18',186,88,1,'2026-07-13','2026-07-14 01:22:44','2026-07-14 01:22:44'),('60768','이태양','HT','44','투수','우투좌타','1990-07-03',192,97,1,'2026-07-13','2026-07-14 01:22:43','2026-07-14 01:22:43'),('61101','임찬규','LG','1','투수','우투우타','1992-11-20',185,80,1,'2026-07-13','2026-07-14 01:22:42','2026-07-14 01:22:42'),('61145','이우찬','LG','21','투수','좌투좌타','1992-08-04',185,97,1,'2026-07-13','2026-07-14 01:22:42','2026-07-14 01:22:42'),('61895','서진용','SK','22','투수','우투우타','1992-10-02',184,88,1,'2026-07-13','2026-07-14 01:22:44','2026-07-14 01:22:44'),('62234','류지혁','SS','16','내야수','우투좌타','1994-01-13',181,75,1,'2026-07-13','2026-07-14 01:22:43','2026-07-14 01:22:43'),('62360','김태훈','SS','27','투수','우투우타','1992-03-02',187,101,1,'2026-07-13','2026-07-14 01:22:42','2026-07-14 01:22:42'),('62404','구자욱','SS','5','외야수','우투좌타','1993-02-12',189,75,1,'2026-07-13','2026-07-14 01:22:43','2026-07-14 01:22:43'),('62415','박해민','LG','17','외야수','우투좌타','1990-02-24',180,75,1,'2026-07-13','2026-07-14 01:22:42','2026-07-14 01:22:42'),('62528','김원중','LT','34','투수','우투좌타','1993-06-14',192,96,1,'2026-07-13','2026-07-14 01:22:44','2026-07-14 01:22:44'),('62754','임기영','SS','38','투수','우언우타','1993-04-16',184,86,1,'2026-07-13','2026-07-14 01:22:42','2026-07-14 01:22:42'),('62802','박승욱','LT','53','내야수','우투좌타','1992-12-04',184,83,1,'2026-07-13','2026-07-14 01:22:44','2026-07-14 01:22:44'),('62869','문승원','SK','42','투수','우투우타','1989-11-28',180,88,1,'2026-07-13','2026-07-14 01:22:44','2026-07-14 01:22:44'),('62907','박민우','NC','2','내야수','우투좌타','1993-02-06',185,80,1,'2026-07-13','2026-07-14 01:22:44','2026-07-14 01:22:44'),('62931','노진혁','LT','52','내야수','우투좌타','1989-07-15',184,80,1,'2026-07-13','2026-07-14 01:22:44','2026-07-14 01:22:44'),('62934','김성욱','SK','31','외야수','우투우타','1993-05-01',181,83,1,'2026-07-13','2026-07-14 01:22:44','2026-07-14 01:22:44'),('62947','나성범','HT','47','외야수','좌투좌타','1989-10-03',183,100,1,'2026-07-13','2026-07-14 01:22:43','2026-07-14 01:22:43'),('62951','이형범','HT','28','투수','우투우타','1994-02-27',181,80,1,'2026-07-13','2026-07-14 01:22:43','2026-07-14 01:22:43'),('63123','강승호','OB','23','내야수','우투우타','1994-02-09',178,88,1,'2026-07-13','2026-07-14 01:22:42','2026-07-14 01:22:42'),('63202','장승현','SS','46','포수','우투우타','1994-03-07',184,86,1,'2026-07-13','2026-07-14 01:22:43','2026-07-14 01:22:43'),('63248','함덕주','LG','11','투수','좌투좌타','1995-01-13',181,78,1,'2026-07-13','2026-07-14 01:22:42','2026-07-14 01:22:42'),('63257','김인태','OB','33','외야수','좌투좌타','1994-07-03',178,78,1,'2026-07-13','2026-07-14 01:22:42','2026-07-14 01:22:42'),('63260','이우성','NC','55','외야수','우투우타','1994-07-17',182,95,1,'2026-07-13','2026-07-14 01:22:44','2026-07-14 01:22:44'),('63342','조상우','HT','11','투수','우투우타','1994-09-04',186,97,1,'2026-07-13','2026-07-14 01:22:43','2026-07-14 01:22:43'),('63722','한승택','KT','45','포수','우투우타','1994-06-21',174,83,1,'2026-07-13','2026-07-14 01:22:43','2026-07-14 01:22:43'),('63765','김종수','HH','38','투수','우투우타','1994-06-03',180,88,1,'2026-07-13','2026-07-14 01:22:44','2026-07-14 01:22:44'),('63963','권희동','NC','36','외야수','우투우타','1990-12-30',177,85,1,'2026-07-13','2026-07-14 01:22:44','2026-07-14 01:22:44'),('64004','김민혁','KT','53','외야수','우투좌타','1995-11-21',181,71,1,'2026-07-13','2026-07-14 01:22:43','2026-07-14 01:22:43'),('64006','심우준','HH','7','내야수','우투우타','1995-04-28',183,75,1,'2026-07-13','2026-07-14 01:22:44','2026-07-14 01:22:44'),('64022','안중열','NC','22','포수','우투우타','1995-09-01',176,87,1,'2026-07-13','2026-07-14 01:22:44','2026-07-14 01:22:44'),('64115','장준원','KT','56','내야수','우투우타','1995-11-21',183,77,1,'2026-07-13','2026-07-14 01:22:43','2026-07-14 01:22:43'),('64166','배정대','KT','27','외야수','우투우타','1995-06-12',185,80,1,'2026-07-13','2026-07-14 01:22:43','2026-07-14 01:22:43'),('64340','임지열','WO','29','외야수','우투우타','1995-08-22',180,94,1,'2026-07-13','2026-07-14 01:22:43','2026-07-14 01:22:43'),('64346','임병욱','WO','17','외야수','우투좌타','1995-09-30',187,94,1,'2026-07-13','2026-07-14 01:22:43','2026-07-14 01:22:43'),('64350','하영민','WO','50','투수','우투우타','1995-05-07',183,74,1,'2026-07-13','2026-07-14 01:22:43','2026-07-14 01:22:43'),('64504','오윤석','KT','4','내야수','우투우타','1992-02-24',180,87,1,'2026-07-13','2026-07-14 01:22:43','2026-07-14 01:22:43'),('64646','박찬호','OB','7','내야수','우투우타','1995-06-05',178,72,1,'2026-07-13','2026-07-14 01:22:42','2026-07-14 01:22:42'),('64861','이건욱','SK','16','투수','우투우타','1995-02-13',182,85,1,'2026-07-13','2026-07-14 01:22:44','2026-07-14 01:22:44'),('65060','주권','KT','38','투수','우투우타','1995-05-31',181,82,1,'2026-07-13','2026-07-14 01:22:43','2026-07-14 01:22:43'),('65062','김재윤','SS','62','투수','우투우타','1990-09-16',185,91,1,'2026-07-13','2026-07-14 01:22:42','2026-07-14 01:22:42'),('65117','이상규','HH','18','투수','우투우타','1996-10-20',185,77,1,'2026-07-13','2026-07-14 01:22:44','2026-07-14 01:22:44'),('65207','신민재','LG','4','내야수','우투좌타','1996-01-21',171,67,1,'2026-07-13','2026-07-14 01:22:42','2026-07-14 01:22:42'),('65516','배제성','KT','19','투수','우투좌타','1996-09-29',189,85,1,'2026-07-13','2026-07-14 01:22:43','2026-07-14 01:22:43'),('65522','김강현','LT','19','투수','우투좌타','1995-02-27',177,84,1,'2026-07-13','2026-07-14 01:22:44','2026-07-14 01:22:44'),('65586','전병우','SS','61','내야수','우투우타','1992-10-24',182,93,1,'2026-07-13','2026-07-14 01:22:43','2026-07-14 01:22:43'),('65616','이민우','HH','27','투수','우투우타','1993-02-09',185,104,1,'2026-07-13','2026-07-14 01:22:44','2026-07-14 01:22:44'),('65653','김호령','HT','27','외야수','우투우타','1992-04-30',178,85,1,'2026-07-13','2026-07-14 01:22:43','2026-07-14 01:22:43'),('65703','이도윤','HH','5','내야수','우투좌타','1996-10-07',175,79,1,'2026-07-13','2026-07-14 01:22:44','2026-07-14 01:22:44'),('65769','김범수','HT','49','투수','좌투좌타','1995-10-03',181,92,1,'2026-07-13','2026-07-14 01:22:43','2026-07-14 01:22:43'),('65898','김웅빈','WO','10','내야수','우투좌타','1996-02-09',182,97,1,'2026-07-13','2026-07-14 01:22:43','2026-07-14 01:22:43'),('65933','구창모','NC','59','투수','좌투좌타','1997-02-17',183,85,1,'2026-07-13','2026-07-14 01:22:44','2026-07-14 01:22:44'),('65949','류진욱','NC','41','투수','우투우타','1996-10-10',189,88,1,'2026-07-13','2026-07-14 01:22:44','2026-07-14 01:22:44'),('66018','김선기','WO','49','투수','우투우타','1991-09-01',187,98,1,'2026-07-13','2026-07-14 01:22:43','2026-07-14 01:22:43'),('66108','홍창기','LG','51','외야수','우투좌타','1993-11-21',189,94,1,'2026-07-13','2026-07-14 01:22:42','2026-07-14 01:22:42'),('66112','김기연','OB','22','포수','우투우타','1997-09-07',178,106,1,'2026-07-13','2026-07-14 01:22:42','2026-07-14 01:22:42'),('66209','조수행','OB','51','외야수','우투좌타','1993-08-30',178,73,1,'2026-07-13','2026-07-14 01:22:42','2026-07-14 01:22:42'),('66291','이영하','OB','50','투수','우투우타','1997-11-01',192,91,1,'2026-07-13','2026-07-14 01:22:42','2026-07-14 01:22:42'),('66354','주효상','HT','22','포수','우투좌타','1997-11-11',183,95,1,'2026-07-13','2026-07-14 01:22:43','2026-07-14 01:22:43'),('66606','최원준','KT','3','외야수','우투좌타','1997-03-23',178,85,1,'2026-07-13','2026-07-14 01:22:43','2026-07-14 01:22:43'),('66609','전상현','HT','51','투수','우투우타','1996-04-18',180,88,1,'2026-07-13','2026-07-14 01:22:43','2026-07-14 01:22:43'),('66614','김규성','HT','14','내야수','우투좌타','1997-03-08',185,88,1,'2026-07-13','2026-07-14 01:22:43','2026-07-14 01:22:43'),('66704','김태연','HH','25','외야수','우투우타','1997-06-10',178,96,1,'2026-07-13','2026-07-14 01:22:44','2026-07-14 01:22:44'),('66706','장진혁','KT','51','외야수','우투좌타','1993-09-30',184,90,1,'2026-07-13','2026-07-14 01:22:43','2026-07-14 01:22:43'),('66965','도태훈','NC','16','내야수','우투좌타','1993-03-18',184,85,1,'2026-07-13','2026-07-14 01:22:44','2026-07-14 01:22:44'),('67006','안치영','KT','8','외야수','우투좌타','1998-05-29',176,72,1,'2026-07-13','2026-07-14 01:22:43','2026-07-14 01:22:43'),('67143','손주영','LG','29','투수','좌투좌타','1998-12-02',191,95,1,'2026-07-13','2026-07-14 01:22:42','2026-07-14 01:22:42'),('67207','이유찬','OB','13','내야수','우투우타','1998-08-05',175,68,1,'2026-07-13','2026-07-14 01:22:42','2026-07-14 01:22:42'),('67266','박치국','OB','1','투수','우언우타','1998-03-10',177,78,1,'2026-07-13','2026-07-14 01:22:42','2026-07-14 01:22:42'),('67449','김성윤','SS','39','외야수','좌투좌타','1999-02-02',163,62,1,'2026-07-13','2026-07-14 01:22:43','2026-07-14 01:22:43'),('67539','나균안','LT','43','투수','우투우타','1998-03-16',186,109,1,'2026-07-13','2026-07-14 01:22:44','2026-07-14 01:22:44'),('67609','박정우','HT','1','외야수','좌투좌타','1998-02-01',175,68,1,'2026-07-13','2026-07-14 01:22:43','2026-07-14 01:22:43'),('67644','이정훈','KT','33','외야수','우투좌타','1994-12-07',185,90,1,'2026-07-13','2026-07-14 01:22:43','2026-07-14 01:22:43'),('67703','박상원','HH','58','투수','우투우타','1994-09-09',187,98,1,'2026-07-13','2026-07-14 01:22:44','2026-07-14 01:22:44'),('67828','김성민','WO','8','투수','좌투좌타','1994-04-26',181,90,1,'2026-07-13','2026-07-14 01:22:43','2026-07-14 01:22:43'),('67893','박성한','SK','2','내야수','우투좌타','1998-03-30',180,77,1,'2026-07-13','2026-07-14 01:22:44','2026-07-14 01:22:44'),('67905','천재환','NC','23','외야수','우투우타','1994-04-01',181,83,1,'2026-07-13','2026-07-14 01:22:44','2026-07-14 01:22:44'),('68043','김민','SK','1','투수','우투우타','1999-04-14',185,88,1,'2026-07-13','2026-07-14 01:22:44','2026-07-14 01:22:44'),('68050','강백호','HH','50','내야수','우투좌타','1999-07-29',184,98,1,'2026-07-13','2026-07-14 01:22:44','2026-07-14 01:22:44'),('68089','조대현','KT','42','포수','우투우타','1999-08-06',183,81,1,'2026-07-13','2026-07-14 01:22:43','2026-07-14 01:22:43'),('68092','한두솔','SK','34','투수','좌투좌타','1997-01-15',177,86,1,'2026-07-13','2026-07-14 01:22:44','2026-07-14 01:22:44'),('68106','이재원','LG','52','외야수','우투우타','1999-07-17',192,105,1,'2026-07-13','2026-07-14 01:22:42','2026-07-14 01:22:42'),('68110','송찬의','LG','55','외야수','우투우타','1999-02-20',182,80,1,'2026-07-13','2026-07-14 01:22:42','2026-07-14 01:22:42'),('68119','문성주','LG','8','외야수','좌투좌타','1997-02-20',175,78,1,'2026-07-13','2026-07-14 01:22:42','2026-07-14 01:22:42'),('68205','전민재','LT','13','내야수','우투우타','1999-06-30',181,73,1,'2026-07-13','2026-07-14 01:22:44','2026-07-14 01:22:44'),('68220','곽빈','OB','47','투수','우투우타','1999-05-28',187,95,1,'2026-07-13','2026-07-14 01:22:42','2026-07-14 01:22:42'),('68249','박신지','OB','49','투수','우투우타','1999-07-16',185,75,1,'2026-07-13','2026-07-14 01:22:42','2026-07-14 01:22:42'),('68260','현도훈','LT','17','투수','우투좌타','1993-01-13',188,95,1,'2026-07-13','2026-07-14 01:22:44','2026-07-14 01:22:44'),('68341','안우진','WO','41','투수','우투우타','1999-08-30',192,90,1,'2026-07-13','2026-07-14 01:22:43','2026-07-14 01:22:43'),('68362','추재현','WO','27','외야수','좌투좌타','1999-02-22',178,85,1,'2026-07-13','2026-07-14 01:22:43','2026-07-14 01:22:43'),('68525','한동희','LT','25','내야수','우투우타','1999-06-01',182,108,1,'2026-07-13','2026-07-14 01:22:44','2026-07-14 01:22:44'),('68639','하준영','NC','29','투수','좌투좌타','1999-09-06',182,79,1,'2026-07-13','2026-07-14 01:22:44','2026-07-14 01:22:44'),('68646','한준수','HT','25','포수','우투좌타','1999-02-13',184,95,1,'2026-07-13','2026-07-14 01:22:43','2026-07-14 01:22:43'),('68700','이원석','HH','37','외야수','우투우타','1999-03-31',177,80,1,'2026-07-13','2026-07-14 01:22:44','2026-07-14 01:22:44'),('68743','정은원','HH','43','내야수','우투좌타','2000-01-17',177,82,1,'2026-07-13','2026-07-14 01:22:44','2026-07-14 01:22:44'),('68830','김정우','OB','16','투수','우투우타','1999-05-15',183,87,1,'2026-07-13','2026-07-14 01:22:42','2026-07-14 01:22:42'),('68856','최민준','SK','30','투수','우투우타','1999-06-11',178,83,1,'2026-07-13','2026-07-14 01:22:44','2026-07-14 01:22:44'),('68868','최준우','SK','7','외야수','우투좌타','1999-03-25',175,78,1,'2026-07-13','2026-07-14 01:22:44','2026-07-14 01:22:44'),('68912','김형준','NC','25','포수','우투우타','1999-11-02',187,98,1,'2026-07-13','2026-07-14 01:22:44','2026-07-14 01:22:44'),('68928','김시훈','HT','61','투수','우투우타','1999-02-24',188,95,1,'2026-07-13','2026-07-14 01:22:43','2026-07-14 01:22:43'),('69041','손동현','KT','41','투수','우투우타','2001-01-23',183,88,1,'2026-07-13','2026-07-14 01:22:43','2026-07-14 01:22:43'),('69047','전용주','KT','29','투수','좌투좌타','2000-02-12',188,87,1,'2026-07-13','2026-07-14 01:22:43','2026-07-14 01:22:43'),('69054','이상동','KT','37','투수','우투우타','1995-11-24',181,88,1,'2026-07-13','2026-07-14 01:22:43','2026-07-14 01:22:43'),('69100','구본혁','LG','6','내야수','우투우타','1997-01-11',177,75,1,'2026-07-13','2026-07-14 01:22:42','2026-07-14 01:22:42'),('69102','문보경','LG','2','내야수','우투좌타','2000-07-19',182,88,1,'2026-07-13','2026-07-14 01:22:42','2026-07-14 01:22:42'),('69134','이정용','LG','31','투수','우투우타','1996-03-26',186,85,1,'2026-07-13','2026-07-14 01:22:42','2026-07-14 01:22:42'),('69360','조영건','WO','20','투수','우투우타','1999-02-04',180,85,1,'2026-07-13','2026-07-14 01:22:43','2026-07-14 01:22:43'),('69403','양우현','SS','53','내야수','우투좌타','2000-04-13',175,82,1,'2026-07-13','2026-07-14 01:22:43','2026-07-14 01:22:43'),('69418','박승규','SS','66','외야수','우투우타','2000-09-02',178,78,1,'2026-07-13','2026-07-14 01:22:43','2026-07-14 01:22:43'),('69446','원태인','SS','18','투수','우투우타','2000-04-06',183,92,1,'2026-07-13','2026-07-14 01:22:42','2026-07-14 01:22:42'),('69508','신윤후','LT','3','외야수','우투우타','1996-01-05',177,77,1,'2026-07-13','2026-07-14 01:22:44','2026-07-14 01:22:44'),('69517','고승민','LT','2','내야수','우투좌타','2000-08-11',189,92,1,'2026-07-13','2026-07-14 01:22:44','2026-07-14 01:22:44'),('69645','장유호','HH','28','투수','우투우타','2000-05-25',179,80,1,'2026-07-13','2026-07-14 01:22:44','2026-07-14 01:22:44'),('69727','변우혁','HT','29','내야수','우투우타','2000-03-18',185,100,1,'2026-07-13','2026-07-14 01:22:43','2026-07-14 01:22:43'),('69737','노시환','HH','8','내야수','우투우타','2000-12-03',185,105,1,'2026-07-13','2026-07-14 01:22:44','2026-07-14 01:22:44'),('69804','채현우','SK','15','외야수','우투우타','1995-11-21',182,80,1,'2026-07-13','2026-07-14 01:22:44','2026-07-14 01:22:44'),('69962','송명기','NC','45','투수','우투좌타','2000-08-09',191,102,1,'2026-07-13','2026-07-14 01:22:44','2026-07-14 01:22:44'),('69969','전사민','NC','57','투수','우투우타','1999-07-06',194,85,1,'2026-07-13','2026-07-14 01:22:44','2026-07-14 01:22:44'),('69992','최정원','NC','14','내야수','우투좌타','2000-06-24',176,70,1,'2026-07-13','2026-07-14 01:22:44','2026-07-14 01:22:44'),('72443','최형우','SS','34','외야수','우투좌타','1983-12-16',180,106,1,'2026-07-13','2026-07-14 01:22:43','2026-07-14 01:22:43'),('73117','우규민','KT','12','투수','우언우타','1985-01-21',184,75,1,'2026-07-13','2026-07-14 01:22:43','2026-07-14 01:22:43'),('73211','노경은','SK','38','투수','우투우타','1984-03-11',187,100,1,'2026-07-13','2026-07-14 01:22:44','2026-07-14 01:22:44'),('74540','강민호','SS','47','포수','우투우타','1985-08-18',185,100,1,'2026-07-13','2026-07-14 01:22:43','2026-07-14 01:22:43'),('75847','최정','SK','14','내야수','우투우타','1987-02-28',180,90,1,'2026-07-13','2026-07-14 01:22:44','2026-07-14 01:22:44'),('75867','김진성','LG','42','투수','우투우타','1985-03-07',186,90,1,'2026-07-13','2026-07-14 01:22:42','2026-07-14 01:22:42'),('76118','원종현','WO','46','투수','우언우타','1987-07-31',182,88,1,'2026-07-13','2026-07-14 01:22:43','2026-07-14 01:22:43'),('76232','양의지','OB','25','포수','우투우타','1987-06-05',180,95,1,'2026-07-13','2026-07-14 01:22:42','2026-07-14 01:22:42'),('76267','최주환','WO','53','내야수','우투좌타','1988-02-28',177,73,1,'2026-07-13','2026-07-14 01:22:43','2026-07-14 01:22:43'),('76290','김현수','KT','10','외야수','우투좌타','1988-01-12',188,105,1,'2026-07-13','2026-07-14 01:22:43','2026-07-14 01:22:43'),('77211','이용찬','OB','45','투수','우투우타','1989-01-02',185,85,1,'2026-07-13','2026-07-14 01:22:42','2026-07-14 01:22:42'),('77532','손아섭','OB','8','외야수','우투좌타','1988-03-18',174,84,1,'2026-07-13','2026-07-14 01:22:42','2026-07-14 01:22:42'),('77637','양현종','HT','54','투수','좌투좌타','1988-03-01',183,91,1,'2026-07-13','2026-07-14 01:22:43','2026-07-14 01:22:43'),('78168','서건창','WO','14','내야수','우투좌타','1989-08-22',176,84,1,'2026-07-13','2026-07-14 01:22:43','2026-07-14 01:22:43'),('78224','김재환','SK','32','외야수','우투좌타','1988-09-22',184,98,1,'2026-07-13','2026-07-14 01:22:44','2026-07-14 01:22:44'),('78288','최재훈','HH','13','포수','우투우타','1989-08-27',178,94,1,'2026-07-13','2026-07-14 01:22:44','2026-07-14 01:22:44'),('78603','김선빈','HT','3','내야수','우투우타','1989-12-18',165,77,1,'2026-07-13','2026-07-14 01:22:43','2026-07-14 01:22:43'),('79109','오지환','LG','10','내야수','우투좌타','1990-03-12',185,80,1,'2026-07-13','2026-07-14 01:22:42','2026-07-14 01:22:42'),('79215','박건우','NC','37','외야수','우투우타','1990-09-08',184,80,1,'2026-07-13','2026-07-14 01:22:44','2026-07-14 01:22:44'),('79231','정수빈','OB','31','외야수','좌투좌타','1990-10-07',175,70,1,'2026-07-13','2026-07-14 01:22:42','2026-07-14 01:22:42'),('79240','허경민','KT','13','내야수','우투우타','1990-08-26',176,69,1,'2026-07-13','2026-07-14 01:22:43','2026-07-14 01:22:43'),('79365','박동원','LG','27','포수','우투우타','1990-04-07',178,92,1,'2026-07-13','2026-07-14 01:22:42','2026-07-14 01:22:42'),('79402','김상수','KT','7','내야수','우투우타','1990-03-23',175,68,1,'2026-07-13','2026-07-14 01:22:43','2026-07-14 01:22:43'),('79456','이지영','SK','56','포수','우투우타','1986-02-27',177,88,1,'2026-07-13','2026-07-14 01:22:44','2026-07-14 01:22:44'),('79608','안치홍','WO','9','내야수','우투우타','1990-07-02',178,97,1,'2026-07-13','2026-07-14 01:22:43','2026-07-14 01:22:43');
/*!40000 ALTER TABLE `players` ENABLE KEYS */;
UNLOCK TABLES;

--
-- Table structure for table `player_registrations`
--

DROP TABLE IF EXISTS `player_registrations`;
/*!40101 SET @saved_cs_client     = @@character_set_client */;
/*!50503 SET character_set_client = utf8mb4 */;
CREATE TABLE `player_registrations` (
  `snapshot_date` date NOT NULL,
  `player_id` varchar(16) NOT NULL,
  `team_code` varchar(4) NOT NULL,
  PRIMARY KEY (`snapshot_date`,`player_id`),
  KEY `fk_reg_player` (`player_id`),
  KEY `fk_reg_team` (`team_code`),
  CONSTRAINT `fk_reg_player` FOREIGN KEY (`player_id`) REFERENCES `players` (`player_id`),
  CONSTRAINT `fk_reg_team` FOREIGN KEY (`team_code`) REFERENCES `teams` (`team_code`)
) ENGINE=InnoDB DEFAULT CHARSET=utf8mb4 COLLATE=utf8mb4_0900_ai_ci;
/*!40101 SET character_set_client = @saved_cs_client */;

--
-- Dumping data for table `player_registrations`
--

LOCK TABLES `player_registrations` WRITE;
/*!40000 ALTER TABLE `player_registrations` DISABLE KEYS */;
INSERT INTO `player_registrations` VALUES ('2026-07-13','50705','HH'),('2026-07-13','50707','HH'),('2026-07-13','50709','HH'),('2026-07-13','51762','HH'),('2026-07-13','52731','HH'),('2026-07-13','52764','HH'),('2026-07-13','53706','HH'),('2026-07-13','53764','HH'),('2026-07-13','54730','HH'),('2026-07-13','54768','HH'),('2026-07-13','54795','HH'),('2026-07-13','55767','HH'),('2026-07-13','56708','HH'),('2026-07-13','56719','HH'),('2026-07-13','56724','HH'),('2026-07-13','56754','HH'),('2026-07-13','63765','HH'),('2026-07-13','64006','HH'),('2026-07-13','65117','HH'),('2026-07-13','65616','HH'),('2026-07-13','65703','HH'),('2026-07-13','66704','HH'),('2026-07-13','67703','HH'),('2026-07-13','68050','HH'),('2026-07-13','68700','HH'),('2026-07-13','68743','HH'),('2026-07-13','69645','HH'),('2026-07-13','69737','HH'),('2026-07-13','78288','HH'),('2026-07-13','50657','HT'),('2026-07-13','50662','HT'),('2026-07-13','51994','HT'),('2026-07-13','52605','HT'),('2026-07-13','52634','HT'),('2026-07-13','53609','HT'),('2026-07-13','54610','HT'),('2026-07-13','54640','HT'),('2026-07-13','55636','HT'),('2026-07-13','55926','HT'),('2026-07-13','56626','HT'),('2026-07-13','56637','HT'),('2026-07-13','60768','HT'),('2026-07-13','62947','HT'),('2026-07-13','62951','HT'),('2026-07-13','63342','HT'),('2026-07-13','65653','HT'),('2026-07-13','65769','HT'),('2026-07-13','66354','HT'),('2026-07-13','66609','HT'),('2026-07-13','66614','HT'),('2026-07-13','67609','HT'),('2026-07-13','68646','HT'),('2026-07-13','68928','HT'),('2026-07-13','69727','HT'),('2026-07-13','77637','HT'),('2026-07-13','78603','HT'),('2026-07-13','50030','KT'),('2026-07-13','50859','KT'),('2026-07-13','51003','KT'),('2026-07-13','52001','KT'),('2026-07-13','52060','KT'),('2026-07-13','53036','KT'),('2026-07-13','55912','KT'),('2026-07-13','56011','KT'),('2026-07-13','56034','KT'),('2026-07-13','63722','KT'),('2026-07-13','64004','KT'),('2026-07-13','64115','KT'),('2026-07-13','64166','KT'),('2026-07-13','64504','KT'),('2026-07-13','65060','KT'),('2026-07-13','65516','KT'),('2026-07-13','66606','KT'),('2026-07-13','66706','KT'),('2026-07-13','67006','KT'),('2026-07-13','67644','KT'),('2026-07-13','68089','KT'),('2026-07-13','69041','KT'),('2026-07-13','69047','KT'),('2026-07-13','69054','KT'),('2026-07-13','73117','KT'),('2026-07-13','76290','KT'),('2026-07-13','79240','KT'),('2026-07-13','79402','KT'),('2026-07-13','50054','LG'),('2026-07-13','50157','LG'),('2026-07-13','51100','LG'),('2026-07-13','51154','LG'),('2026-07-13','51526','LG'),('2026-07-13','52121','LG'),('2026-07-13','52154','LG'),('2026-07-13','53123','LG'),('2026-07-13','55121','LG'),('2026-07-13','55130','LG'),('2026-07-13','55167','LG'),('2026-07-13','55348','LG'),('2026-07-13','56146','LG'),('2026-07-13','61101','LG'),('2026-07-13','61145','LG'),('2026-07-13','62415','LG'),('2026-07-13','63248','LG'),('2026-07-13','65207','LG'),('2026-07-13','66108','LG'),('2026-07-13','67143','LG'),('2026-07-13','68106','LG'),('2026-07-13','68110','LG'),('2026-07-13','68119','LG'),('2026-07-13','69100','LG'),('2026-07-13','69102','LG'),('2026-07-13','69134','LG'),('2026-07-13','75867','LG'),('2026-07-13','79109','LG'),('2026-07-13','79365','LG'),('2026-07-13','50150','LT'),('2026-07-13','50500','LT'),('2026-07-13','50556','LT'),('2026-07-13','51516','LT'),('2026-07-13','51528','LT'),('2026-07-13','52504','LT'),('2026-07-13','52514','LT'),('2026-07-13','52530','LT'),('2026-07-13','52568','LT'),('2026-07-13','53540','LT'),('2026-07-13','53562','LT'),('2026-07-13','53568','LT'),('2026-07-13','54529','LT'),('2026-07-13','55502','LT'),('2026-07-13','55509','LT'),('2026-07-13','55530','LT'),('2026-07-13','56503','LT'),('2026-07-13','56531','LT'),('2026-07-13','56554','LT'),('2026-07-13','62528','LT'),('2026-07-13','62802','LT'),('2026-07-13','62931','LT'),('2026-07-13','65522','LT'),('2026-07-13','67539','LT'),('2026-07-13','68205','LT'),('2026-07-13','68260','LT'),('2026-07-13','68525','LT'),('2026-07-13','69508','LT'),('2026-07-13','69517','LT'),('2026-07-13','50902','NC'),('2026-07-13','50996','NC'),('2026-07-13','51344','NC'),('2026-07-13','51907','NC'),('2026-07-13','52902','NC'),('2026-07-13','53919','NC'),('2026-07-13','54904','NC'),('2026-07-13','54910','NC'),('2026-07-13','55995','NC'),('2026-07-13','56909','NC'),('2026-07-13','56911','NC'),('2026-07-13','56949','NC'),('2026-07-13','56950','NC'),('2026-07-13','56966','NC'),('2026-07-13','62907','NC'),('2026-07-13','63260','NC'),('2026-07-13','63963','NC'),('2026-07-13','64022','NC'),('2026-07-13','65933','NC'),('2026-07-13','65949','NC'),('2026-07-13','66965','NC'),('2026-07-13','67905','NC'),('2026-07-13','68639','NC'),('2026-07-13','68912','NC'),('2026-07-13','69962','NC'),('2026-07-13','69969','NC'),('2026-07-13','69992','NC'),('2026-07-13','79215','NC'),('2026-07-13','50204','OB'),('2026-07-13','51203','OB'),('2026-07-13','51230','OB'),('2026-07-13','52043','OB'),('2026-07-13','52204','OB'),('2026-07-13','53296','OB'),('2026-07-13','53404','OB'),('2026-07-13','53554','OB'),('2026-07-13','54236','OB'),('2026-07-13','54263','OB'),('2026-07-13','55221','OB'),('2026-07-13','55239','OB'),('2026-07-13','55252','OB'),('2026-07-13','56212','OB'),('2026-07-13','63123','OB'),('2026-07-13','63257','OB'),('2026-07-13','64646','OB'),('2026-07-13','66112','OB'),('2026-07-13','66209','OB'),('2026-07-13','66291','OB'),('2026-07-13','67207','OB'),('2026-07-13','67266','OB'),('2026-07-13','68220','OB'),('2026-07-13','68249','OB'),('2026-07-13','68830','OB'),('2026-07-13','76232','OB'),('2026-07-13','77211','OB'),('2026-07-13','77532','OB'),('2026-07-13','79231','OB'),('2026-07-13','50812','SK'),('2026-07-13','50820','SK'),('2026-07-13','50854','SK'),('2026-07-13','51865','SK'),('2026-07-13','51868','SK'),('2026-07-13','51897','SK'),('2026-07-13','52809','SK'),('2026-07-13','53892','SK'),('2026-07-13','53893','SK'),('2026-07-13','54812','SK'),('2026-07-13','55897','SK'),('2026-07-13','56840','SK'),('2026-07-13','56855','SK'),('2026-07-13','60558','SK'),('2026-07-13','61895','SK'),('2026-07-13','62869','SK'),('2026-07-13','62934','SK'),('2026-07-13','64861','SK'),('2026-07-13','67893','SK'),('2026-07-13','68043','SK'),('2026-07-13','68092','SK'),('2026-07-13','68856','SK'),('2026-07-13','68868','SK'),('2026-07-13','69804','SK'),('2026-07-13','73211','SK'),('2026-07-13','75847','SK'),('2026-07-13','78224','SK'),('2026-07-13','79456','SK'),('2026-07-13','50458','SS'),('2026-07-13','50464','SS'),('2026-07-13','51417','SS'),('2026-07-13','51454','SS'),('2026-07-13','51460','SS'),('2026-07-13','52430','SS'),('2026-07-13','53375','SS'),('2026-07-13','53400','SS'),('2026-07-13','54400','SS'),('2026-07-13','55425','SS'),('2026-07-13','55438','SS'),('2026-07-13','56415','SS'),('2026-07-13','56469','SS'),('2026-07-13','60146','SS'),('2026-07-13','62234','SS'),('2026-07-13','62360','SS'),('2026-07-13','62404','SS'),('2026-07-13','62754','SS'),('2026-07-13','63202','SS'),('2026-07-13','65062','SS'),('2026-07-13','65586','SS'),('2026-07-13','67449','SS'),('2026-07-13','69403','SS'),('2026-07-13','69418','SS'),('2026-07-13','69446','SS'),('2026-07-13','72443','SS'),('2026-07-13','74540','SS'),('2026-07-13','52348','WO'),('2026-07-13','53312','WO'),('2026-07-13','53344','WO'),('2026-07-13','54303','WO'),('2026-07-13','54944','WO'),('2026-07-13','55313','WO'),('2026-07-13','55371','WO'),('2026-07-13','55393','WO'),('2026-07-13','55394','WO'),('2026-07-13','56305','WO'),('2026-07-13','56318','WO'),('2026-07-13','56337','WO'),('2026-07-13','56345','WO'),('2026-07-13','56348','WO'),('2026-07-13','64340','WO'),('2026-07-13','64346','WO'),('2026-07-13','64350','WO'),('2026-07-13','65898','WO'),('2026-07-13','66018','WO'),('2026-07-13','67828','WO'),('2026-07-13','68341','WO'),('2026-07-13','68362','WO'),('2026-07-13','69360','WO'),('2026-07-13','76118','WO'),('2026-07-13','76267','WO'),('2026-07-13','78168','WO'),('2026-07-13','79608','WO');
/*!40000 ALTER TABLE `player_registrations` ENABLE KEYS */;
UNLOCK TABLES;
/*!40103 SET TIME_ZONE=@OLD_TIME_ZONE */;

/*!40101 SET SQL_MODE=@OLD_SQL_MODE */;
/*!40014 SET FOREIGN_KEY_CHECKS=@OLD_FOREIGN_KEY_CHECKS */;
/*!40014 SET UNIQUE_CHECKS=@OLD_UNIQUE_CHECKS */;
/*!40101 SET CHARACTER_SET_CLIENT=@OLD_CHARACTER_SET_CLIENT */;
/*!40101 SET CHARACTER_SET_RESULTS=@OLD_CHARACTER_SET_RESULTS */;
/*!40101 SET COLLATION_CONNECTION=@OLD_COLLATION_CONNECTION */;
/*!40111 SET SQL_NOTES=@OLD_SQL_NOTES */;

-- Dump completed on 2026-07-14  1:23:11
